Date,Open,High,Low,Close
14-Dec-16,8452.88,8459.92,8397.3,8412.58
15-Dec-16,8382.56,8457.57,8351.75,8382.28
16-Dec-16,8389.66,8402.29,8360.68,8368.32
19-Dec-16,8375.46,8375.46,8326.52,8335.17
20-Dec-16,8338.07,8354.97,8290.44,8309.73
21-Dec-16,8328.48,8339.33,8282.77,8292.11
22-Dec-16,8287.18,8293.29,8194.74,8210.11
23-Dec-16,8201.68,8254.97,8172.2,8224.15
26-Dec-16,8212.57,8216.86,8128.65,8144.62
27-Dec-16,8143.17,8283.05,8141.33,8271.1
28-Dec-16,8286.89,8345.06,8272.25,8278.33
29-Dec-16,8334.74,8354.25,8265.42,8345.07
30-Dec-16,8372.56,8443.52,8358.13,8428.05
2-Jan-17,8453.89,8464.18,8385.22,8431.5
3-Jan-17,8440.23,8480.63,8403.71,8456.12
4-Jan-17,8462.85,8478.53,8439.09,8448.29
5-Jan-17,8483.94,8543.13,8483.94,8532
6-Jan-17,8554.1,8569.24,8489.81,8498.77
9-Jan-17,8522.67,8526.96,8486.22,8494.11
10-Jan-17,8522.53,8552.25,8520.65,8546.67
11-Jan-17,8573.3,8646.22,8573.3,8636.81
12-Jan-17,8648.39,8681.77,8646.67,8665.05
13-Jan-17,8701.28,8723.95,8636.06,8662.92
16-Jan-17,8663.56,8694.78,8642.54,8681
17-Jan-17,8695.54,8712.31,8650.31,8666.58
18-Jan-17,8674.76,8730.05,8665.89,8683.69
19-Jan-17,8684.52,8712.34,8673.84,8701.7
20-Jan-17,8680.99,8693.03,8609.39,8616.47
23-Jan-17,8606.09,8671.5,8598.18,8656.73
24-Jan-17,8673.81,8746.01,8666.28,8740.36
25-Jan-17,8765.84,8875.8,8761.63,8866.68
27-Jan-17,8881.7,8940.17,8880.77,8908.75
30-Jan-17,8905.64,8926.52,8884.56,8894.42
31-Jan-17,8900.18,8900.18,8804.99,8813.9
1-Feb-17,8820.77,8978.25,8792.56,8972.76
2-Feb-17,8987.41,9018.41,8949.98,8995.88
3-Feb-17,9009.84,9014.4,8968.89,9001.32
6-Feb-17,9037.08,9083.74,9037.08,9067.85
7-Feb-17,9075.41,9079.11,9009.83,9037.94
8-Feb-17,9054.1,9063.62,8987.12,9038.66
9-Feb-17,9053.94,9091.02,8994.59,9051.32
10-Feb-17,9069.77,9091.23,9040.2,9057.72
13-Feb-17,9091.17,9095.78,9023.83,9075.22
14-Feb-17,9086.94,9087.08,9043.9,9065.57
15-Feb-17,9045.68,9077.72,8982.27,8993.92
16-Feb-17,9012.45,9057.56,8991.18,9051.84
17-Feb-17,9154.2,9172.69,9089.02,9105.2
20-Feb-17,9111.49,9169.46,9092.28,9161.85
21-Feb-17,9178.55,9213.64,9151.13,9201.58
22-Feb-17,9219.88,9254.86,9200.95,9219.59
23-Feb-17,9234.71,9275.95,9214.31,9223.76
27-Feb-17,9227.67,9238.72,9180.31,9187.07
28-Feb-17,9190.28,9207.45,9156.79,9164.27
1-Mar-17,9191.12,9243.47,9186.8,9230.04
2-Mar-17,9269.67,9276.45,9155.21,9172.16
3-Mar-17,9171.64,9181.4,9132.84,9172.76
6-Mar-17,9179.55,9244.95,9179.55,9238.4
7-Mar-17,9253.3,9254.82,9214.41,9228.44
8-Mar-17,9235.14,9239.9,9175.47,9206.73
9-Mar-17,9209.42,9230.94,9184.81,9211.15
10-Mar-17,9234.84,9262.26,9190.05,9217.41
14-Mar-17,9369.69,9409.43,9347.12,9378.76
15-Mar-17,9384.22,9398.22,9360.25,9371.35
16-Mar-17,9404.55,9449.14,9404.31,9442.37
17-Mar-17,9489.45,9511.08,9443.9,9456.19
20-Mar-17,9471.12,9483.07,9417.3,9430.42
21-Mar-17,9436.88,9449.79,9386.25,9420.73
22-Mar-17,9378.08,9378.08,9314.48,9327.48
23-Mar-17,9341.87,9401.64,9341.13,9388.14
24-Mar-17,9395.95,9440.15,9394.55,9408.74
27-Mar-17,9403.03,9409.65,9328.64,9355.2
28-Mar-17,9378.15,9417.41,9378.15,9406.78
29-Mar-17,9426.24,9447.01,9414.52,9440.35
30-Mar-17,9446.48,9490.84,9441.37,9482.16
31-Mar-17,9483.1,9497.1,9459.71,9480.75
3-Apr-17,9516.11,9553.24,9504.42,9548.57
5-Apr-17,9574.06,9586.99,9529.14,9578.57
6-Apr-17,9572.77,9582.33,9537.32,9575.4
7-Apr-17,9553.64,9569.76,9502.48,9514.36
10-Apr-17,9533.96,9554.01,9491.54,9496.96
11-Apr-17,9512.63,9561.45,9495.1,9554.9
12-Apr-17,9572.72,9572.96,9480.96,9521.69
13-Apr-17,9519.27,9525.43,9462.06,9468.2
17-Apr-17,9472.06,9482.76,9440.26,9454.9
18-Apr-17,9475.71,9537.14,9405.41,9417.3
19-Apr-17,9430.79,9434.79,9389.88,9418.25
20-Apr-17,9416.55,9459.34,9413.66,9453.09
21-Apr-17,9498.42,9502.36,9403.57,9432.84
24-Apr-17,9447.56,9535.83,9445.34,9527.42
25-Apr-17,9581.29,9631.7,9565.84,9627.76
26-Apr-17,9654.76,9683.1,9617.5,9669.4
27-Apr-17,9673.03,9688.21,9640.98,9658.05
28-Apr-17,9673.02,9673.48,9602.59,9614.93
2-May-17,9643.79,9670.82,9586.29,9631.16
3-May-17,9650.04,9660.53,9613.99,9627.44
4-May-17,9673.17,9689.7,9649.45,9682.06
5-May-17,9692.73,9700.96,9594.46,9606.07
8-May-17,9632.24,9663.04,9622.07,9635.65
9-May-17,9648.86,9664.25,9630.92,9642.33
10-May-17,9661.69,9748.54,9661.34,9741.68
11-May-17,9766.6,9784.38,9743.5,9754.64
12-May-17,9766.56,9770.43,9703.27,9726.46
15-May-17,9758.18,9776.64,9752.98,9768.73
16-May-17,9788.85,9842.62,9783.08,9839.05
17-May-17,9847.29,9860.52,9815.51,9849.5
18-May-17,9796.7,9815.25,9737.79,9751.28
19-May-17,9781.35,9832.62,9712.64,9748.64
22-May-17,9803.47,9822.25,9753.22,9764.18
23-May-17,9762.76,9776.13,9689.97,9705.22
24-May-17,9730.73,9758.1,9666.4,9686.29
25-May-17,9709.22,9844.89,9705.09,9832.17
26-May-17,9839.02,9936.08,9825.57,9925.81
29-May-17,9902.28,9965.59,9878.56,9931.58
30-May-17,9932.67,9962.47,9911.73,9949.86
31-May-17,9971.21,9982.83,9944.63,9958.14
1-Jun-17,9949.56,9975.95,9929.84,9953.22
2-Jun-17,9974.18,10010.45,9970.83,10001.5
5-Jun-17,10008.88,10042.34,9994.04,10030.7
6-Jun-17,10067.47,10070.42,9984.09,9990.69
7-Jun-17,10009.46,10034.18,9983.21,10014.05
8-Jun-17,10029.39,10041.7,9991.29,9996.75
9-Jun-17,9992.67,10019.74,9959.55,10011.06
12-Jun-17,10003.58,10003.74,9943.18,9958.31
13-Jun-17,9958.12,10001.28,9942.31,9954.33
14-Jun-17,9965.61,9975.86,9930.5,9963.66
15-Jun-17,9982.29,9983.95,9914.13,9932.52
16-Jun-17,9961.88,9969,9922.01,9936.29
19-Jun-17,9971.34,10022.07,9968.86,10004.03
20-Jun-17,10027.37,10030.73,9996.34,10007.39
21-Jun-17,10007.08,10007.08,9965.81,9988.9
22-Jun-17,10011.18,10059.32,9978.71,9989.79
23-Jun-17,10009.28,10012.63,9924.35,9933.69
27-Jun-17,9954.33,9980.19,9838.69,9873.17
28-Jun-17,9880.24,9885.92,9833.43,9848.15
29-Jun-17,9871.97,9933.82,9842.29,9859.83
30-Jun-17,9856.68,9895.7,9807.41,9882.2
3-Jul-17,9953.58,9988.63,9906.84,9980.37
4-Jul-17,10014.18,10022.04,9961.38,9976.28
5-Jul-17,9996.3,10007.02,9973.48,9999.03
6-Jul-17,10016.83,10063.04,10004.7,10033.78
7-Jul-17,10033.74,10048.45,10007.37,10027
10-Jul-17,10074.86,10152.68,10064.67,10137.35
11-Jul-17,10160.76,10191.57,10140.38,10148.84
12-Jul-17,10172.46,10189.81,10153.25,10180.01
13-Jul-17,10211.13,10266.5,10209.25,10254.5
14-Jul-17,10276.08,10281.19,10211.05,10251.52
17-Jul-17,10260.99,10295.86,10260.99,10282.27
18-Jul-17,10202.94,10249.91,10163.89,10184.6
19-Jul-17,10235.21,10271.21,10215.67,10263.81
20-Jul-17,10286.14,10292.2,10231.59,10240.19
21-Jul-17,10277.02,10290.56,10210.89,10283.01
24-Jul-17,10306.48,10361.62,10293.04,10337.98
25-Jul-17,10374.32,10381.28,10324.66,10336.7
26-Jul-17,10353.13,10406.79,10340.74,10398.76
27-Jul-17,10442.79,10500.61,10390.3,10406.15
28-Jul-17,10408.94,10408.94,10327.53,10391.95
31-Jul-17,10417.75,10458.56,10400.54,10449.51
1-Aug-17,10476.28,10498.86,10444.54,10483.3
2-Aug-17,10503.59,10514.94,10427.55,10452.33
3-Aug-17,10461.28,10461.28,10376.17,10393.11
4-Aug-17,10379.39,10464,10370.4,10454.53
7-Aug-17,10473.27,10479.52,10435.13,10447.86
8-Aug-17,10467.92,10471.25,10329.47,10360.01
9-Aug-17,10333.85,10348.76,10261.72,10282.51
10-Aug-17,10269.9,10271.86,10143.5,10187.28
11-Aug-17,10125.66,10146.2,10063.84,10090.55
14-Aug-17,10120.76,10197.9,10120.6,10172.17
16-Aug-17,10213.22,10282.89,10155.25,10272.87
17-Aug-17,10319.91,10325.93,10264.25,10282.26
18-Aug-17,10266.77,10266.77,10161.71,10215.63
21-Aug-17,10245.17,10264.05,10118.4,10131.19
22-Aug-17,10173.43,10207.93,10127.71,10142.12
23-Aug-17,10180.15,10238.73,10165.88,10232.04
24-Aug-17,10262.75,10268.8,10230.37,10238.59
28-Aug-17,10284.02,10314.39,10272.12,10303.64
29-Aug-17,10300.47,10304.82,10171.96,10182.06
30-Aug-17,10227.48,10299.39,10227.08,10275.44
31-Aug-17,10291.36,10312.07,10249.79,10304.43
1-Sep-17,10316.29,10375.87,10302.08,10363.1
4-Sep-17,10375.71,10375.71,10247.75,10295.83
5-Sep-17,10312.53,10356.38,10294.45,10341.27
6-Sep-17,10314.02,10327,10273.51,10305.77
7-Sep-17,10335.41,10363.5,10312.42,10328.99
8-Sep-17,10346.56,10364.94,10310.2,10327.36
11-Sep-17,10362.29,10427.43,10361.53,10404.67
12-Sep-17,10455.96,10492.11,10423.63,10486.58
13-Sep-17,10498.52,10533.86,10456.57,10472.93
14-Sep-17,10518.53,10523.86,10468.43,10484.73
15-Sep-17,10467.48,10514.13,10441.21,10486.23
18-Sep-17,10515.33,10570.55,10515.3,10551.99
19-Sep-17,10585.14,10585.88,10535.06,10551.47
20-Sep-17,10572.58,10579.76,10537.31,10542.2
21-Sep-17,10544.3,10562.01,10460.29,10520.62
22-Sep-17,10507.69,10508.4,10351.8,10361.97
25-Sep-17,10380.5,10388.43,10215.6,10261.82
26-Sep-17,10279.08,10281.97,10204.4,10256.23
27-Sep-17,10310.55,10313.95,10100.65,10119.7
28-Sep-17,10135.05,10170.71,10075.7,10152.73
29-Sep-17,10188.52,10240.33,10158.76,10169.24
3-Oct-17,10246.37,10270.22,10225.83,10251.79
4-Oct-17,10267.92,10335.04,10243.64,10308.96
5-Oct-17,10327.36,10346.85,10275.17,10283.6
6-Oct-17,10301.92,10375.88,10300.96,10366.71
9-Oct-17,10386.83,10412.66,10357.35,10384.76
10-Oct-17,10407.94,10431,10399.97,10408.12
11-Oct-17,10430.61,10463.11,10345.22,10373.21
12-Oct-17,10393.14,10492.65,10365.64,10483.52
13-Oct-17,10502.46,10582.19,10502.46,10559.5
16-Oct-17,10577.09,10634.47,10563.67,10620.48
17-Oct-17,10629.26,10645.13,10604.79,10621
18-Oct-17,10599.34,10628.27,10560.83,10598.29
19-Oct-17,10626.18,10631.86,10510.08,10534.23
23-Oct-17,10540.51,10605.26,10507.78,10563.37
24-Oct-17,10598.64,10621.3,10563.12,10588.8
25-Oct-17,10697.14,10730.46,10628.32,10682.34
26-Oct-17,10680.38,10736.88,10632.77,10723.86
27-Oct-17,10741.82,10749.08,10693.82,10707.69
30-Oct-17,10744.22,10772.06,10732,10749.84
31-Oct-17,10748.77,10760.66,10720.02,10733.59
1-Nov-17,10774.83,10857.05,10773.89,10839.14
2-Nov-17,10852.37,10860.15,10818.69,10830.32
3-Nov-17,10857.08,10877.22,10815.26,10863.87
6-Nov-17,10876.1,10920.15,10841.2,10884.79
7-Nov-17,10900.86,10921.36,10768.05,10779.14
8-Nov-17,10795.46,10815.8,10712.05,10731.88
9-Nov-17,10775.1,10800.45,10696.99,10744.96
10-Nov-17,10738.89,10770.79,10688.48,10750.86
13-Nov-17,10782.39,10788.34,10646.21,10655.4
14-Nov-17,10640.68,10679.79,10604.38,10615.52
15-Nov-17,10618.28,10618.47,10520.64,10544.35
16-Nov-17,10564.91,10664.36,10564.91,10645.33
17-Nov-17,10733.58,10777.76,10695.66,10716.6
20-Nov-17,10727.1,10749.23,10700.63,10730.72
21-Nov-17,10756.6,10806.74,10754.13,10765.23
22-Nov-17,10791.96,10809.19,10750.86,10780.13
23-Nov-17,10783.77,10814.79,10748.04,10788.41
24-Nov-17,10812.95,10842.5,10806.75,10829.27
27-Nov-17,10815.96,10847.7,10783,10841.03
28-Nov-17,10838.43,10862.1,10799.76,10813.28
29-Nov-17,10829.21,10846.06,10790.18,10806.07
30-Nov-17,10787.06,10795.85,10661.2,10674.41
1-Dec-17,10706.17,10722.93,10549.29,10562.77
4-Dec-17,10603.73,10619.32,10542.03,10573.73
5-Dec-17,10556.91,10584.95,10511.29,10559.16
6-Dec-17,10558.75,10560.38,10476.92,10485.88
7-Dec-17,10491.13,10624.33,10486.72,10610.47
8-Dec-17,10638.9,10719.42,10638.9,10707.53
11-Dec-17,10732.84,10792.5,10731.55,10768.81
12-Dec-17,10760.36,10770.69,10681.16,10692.83
13-Dec-17,10696.18,10747.21,10617.2,10638.47
14-Dec-17,10656.96,10722.18,10586.19,10699.03
15-Dec-17,10766.13,10822.42,10766.13,10784.45
18-Dec-17,10759.23,10891.87,10521.32,10832.5
19-Dec-17,10873.37,10919.82,10856.47,10911.08
20-Dec-17,10937.16,10945.3,10886.7,10894.53
21-Dec-17,10907.85,10925.55,10877.67,10890.04
22-Dec-17,10895.95,10947.27,10895.75,10940.76
26-Dec-17,10952.48,10981.7,10930.43,10969.14
27-Dec-17,10990.81,11006.65,10917.39,10937.91
28-Dec-17,10945.84,10976.79,10891.94,10919.11
29-Dec-17,10934.69,10988.67,10934.69,10979.78
1-Jan-18,10983.51,10993.35,10887.11,10902.6
2-Jan-18,10932.14,10950.3,10856.95,10891.2
3-Jan-18,10927.1,10961.44,10884.3,10893.89
4-Jan-18,10930.53,10967.02,10893.76,10958.75
5-Jan-18,10978.28,11031.15,10977.14,11021.69
8-Jan-18,11043.29,11099.22,11043.29,11089.03
9-Jan-18,11110.87,11128.93,11075.67,11105.85
10-Jan-18,11132.13,11142.34,11066.76,11099.28
11-Jan-18,11110.38,11136.4,11087.12,11118.83
12-Jan-18,11141.25,11162.38,11063.11,11146.29
15-Jan-18,11176.57,11257.71,11176.5,11211.49
16-Jan-18,11227.52,11243.74,11163.39,11175.27
17-Jan-18,11175.34,11277.37,11139.29,11265.1
18-Jan-18,11340.73,11372.73,11252.66,11287.45
19-Jan-18,11312.71,11382.72,11271.92,11370.96
22-Jan-18,11399.55,11460.01,11365.93,11451.42
23-Jan-18,11477.89,11575.23,11476.78,11565.5
24-Jan-18,11574.48,11601.73,11534.3,11570.11
25-Jan-18,11583.81,11594.59,11479.58,11539.81
29-Jan-18,11557.24,11657.2,11554.22,11604.76
30-Jan-18,11603.11,11608.78,11517.09,11528.6
31-Jan-18,11509.49,11538.79,11460.97,11506.88
1-Feb-18,11533.76,11594.85,11350.46,11492.93
2-Feb-18,11433.48,11438.44,11203.17,11223.13
5-Feb-18,11116.2,11163.93,11048.93,11131.25
6-Feb-18,10818.93,11044.54,10725.58,10948.3
7-Feb-18,11065.22,11097.38,10895.48,10918.68
8-Feb-18,10954.24,11090.78,10927.9,11026.92
9-Feb-18,10895.4,10933.58,10847.23,10910.74
12-Feb-18,10968.86,11008.4,10939.17,10992.24
14-Feb-18,11038.41,11048.56,10914.96,10955.5
15-Feb-18,10975.31,11078.19,10968.31,11003.66
16-Feb-18,11043.34,11075.14,10889.72,10904.87
19-Feb-18,10918.77,10937.49,10752.39,10824.48
20-Feb-18,10861.31,10888.22,10801.5,10814.84
21-Feb-18,10850.86,10880.61,10810.22,10856.65
22-Feb-18,10844.21,10856.47,10805.01,10839.48
23-Feb-18,10848.71,10954.76,10848.1,10947.46
26-Feb-18,10977.6,11058.75,10977.59,11048.06
27-Feb-18,11083.37,11104.69,11007.74,11017.7
28-Feb-18,10951.23,10999.13,10931.07,10959.52
1-Mar-18,10947.99,10992.04,10909.91,10920.73
5-Mar-18,10914.35,10914.41,10785.71,10816.08
6-Mar-18,10901.72,10904.87,10668.97,10700.26
7-Mar-18,10687.8,10707.23,10600.31,10613.1
8-Mar-18,10675.06,10726.48,10603.45,10697.36
9-Mar-18,10728.87,10752.06,10666.17,10683.77
12-Mar-18,10734.19,10892.08,10734.19,10879.19
13-Mar-18,10849.57,10940.36,10840.66,10883.81
14-Mar-18,10850.37,10892.91,10805.32,10880.17
15-Mar-18,10878.81,10889.64,10813.59,10828.17
16-Mar-18,10829.21,10830.25,10647.63,10664.19
19-Mar-18,10688.8,10690.61,10538.29,10560.97
20-Mar-18,10534.2,10616.06,10513.59,10583.97
21-Mar-18,10618.12,10696.93,10595.42,10620.28
22-Mar-18,10640.38,10671.73,10565.28,10578.02
23-Mar-18,10461.6,10490.21,10413.62,10457.25
26-Mar-18,10441.43,10615.71,10423.48,10598.48
27-Mar-18,10639.12,10699.15,10611.3,10651.19
28-Mar-18,10627.49,10631.61,10575.6,10591.7
2-Apr-18,10616.31,10693.46,10600.98,10683.88
3-Apr-18,10665.39,10727.03,10644.58,10715.5
4-Apr-18,10742.27,10753.36,10583.67,10597.7
5-Apr-18,10681.39,10802.94,10675.99,10791.67
6-Apr-18,10793.71,10825.54,10766.62,10804
9-Apr-18,10818.06,10871.95,10795.9,10852.61
10-Apr-18,10888.08,10904.61,10859.75,10882.03
11-Apr-18,10909.8,10911.07,10836.36,10892.44
12-Apr-18,10905.32,10957.65,10877.65,10938.92
13-Apr-18,10963.91,11007.39,10938.03,10967.65
16-Apr-18,10894.36,11023.2,10880.27,11012.61
17-Apr-18,11036.26,11050.89,10986.84,11039.15
18-Apr-18,11058.38,11095.89,11002.62,11022.71
19-Apr-18,11043.83,11067.62,11039.94,11060.4
20-Apr-18,11058.31,11081.19,11026.02,11062.87
23-Apr-18,11090.41,11142.41,11030.51,11073.66
24-Apr-18,11073.8,11131.42,11061.93,11105.15
25-Apr-18,11098.7,11104.83,11022.21,11054.92
26-Apr-18,11065.78,11125.34,11051.24,11115.93
27-Apr-18,11128.53,11216.97,11127.92,11188.63
30-Apr-18,11207.67,11267.64,11203.22,11244.63
2-May-18,11293.19,11300.14,11190.57,11217.36
3-May-18,11238.36,11238.36,11150.24,11178.49
4-May-18,11191.05,11206.42,11103.04,11120.57
7-May-18,11144.51,11226.23,11137.52,11212.9
8-May-18,11252.5,11260.64,11194.47,11220.25
9-May-18,11207.92,11268.67,11193.7,11241.63
10-May-18,11253.41,11292.07,11204.19,11216.82
11-May-18,11234.93,11330.6,11230.16,11314.19
14-May-18,11320.5,11343.79,11283.76,11309.36
15-May-18,11300.66,11439.89,11288.7,11306.81
16-May-18,11279.16,11299.15,11204.39,11253.89
17-May-18,11283.26,11289.51,11172.63,11190.84
18-May-18,11189.49,11195.22,11082.83,11090.84
21-May-18,11097.01,11126.7,11000.68,11011.38
22-May-18,11004.09,11052.64,10983.16,11030.03
23-May-18,11024.87,11026.19,10905.82,10918.68
24-May-18,10939.78,11028.29,10909.44,11003.08
25-May-18,11032.52,11129.1,11015.88,11102.24
28-May-18,11156.65,11205.67,11134.37,11185.05
29-May-18,11197.34,11212.16,11112.57,11124.5
30-May-18,11100.66,11141.12,11054.96,11107.59
31-May-18,11156.26,11252.29,11116.67,11227.57
1-Jun-18,11245.94,11270.93,11178.99,11193.7
4-Jun-18,11272.69,11286.66,11114.53,11124.42
5-Jun-18,11128.17,11139.46,11047.53,11086.32
6-Jun-18,11096.19,11196.97,11083.48,11182.05
7-Jun-18,11210.18,11320.33,11210.18,11267.18
8-Jun-18,11249.19,11281.14,11210.39,11270.05
11-Jun-18,11276.41,11355.22,11276,11288.62
12-Jun-18,11303.35,11362.06,11292.62,11347.12
13-Jun-18,11388.1,11403.84,11352.74,11365.31
14-Jun-18,11365,11369.32,11287.14,11319.12
15-Jun-18,11335,11342.97,11264.08,11322.9
18-Jun-18,11347.15,11352.21,11295.79,11305.38
19-Jun-18,11304.69,11304.8,11208.28,11219.84
20-Jun-18,11233.35,11291.7,11233.2,11285.59
21-Jun-18,11313.57,11324.75,11237.6,11247.22
22-Jun-18,11246.53,11344.8,11217.63,11329.62
25-Jun-18,11353.1,11358.23,11255.85,11267.95
26-Jun-18,11232.04,11318.56,11227.01,11278.63
27-Jun-18,11293.46,11310.1,11163.04,11181.87
28-Jun-18,11173.47,11190.9,11075.92,11097.91
29-Jun-18,11125.17,11234.81,11118.33,11224.18
2-Jul-18,11259.57,11269.23,11121.14,11172.54
3-Jul-18,11194.34,11236.3,11144.93,11215.21
4-Jul-18,11217.23,11293.97,11191.32,11285.66
5-Jul-18,11300.99,11313.61,11246.22,11263.69
6-Jul-18,11256.83,11335.42,11251.29,11285.61
9-Jul-18,11337.85,11380.61,11326.33,11369.17
10-Jul-18,11413.12,11474.82,11397.22,11464.41
11-Jul-18,11479.84,11499.13,11445.62,11470.32
12-Jul-18,11527.17,11605.49,11527.17,11547.86
13-Jul-18,11576.38,11599.31,11524.89,11537.23
16-Jul-18,11565.38,11565.38,11449.91,11459.42
17-Jul-18,11483.58,11546.12,11447.54,11535.52
18-Jul-18,11595.35,11606.15,11482.06,11500.65
19-Jul-18,11538.47,11540.09,11459.97,11480.44
20-Jul-18,11487.73,11549.8,11468.78,11529.45
23-Jul-18,11538.38,11606.48,11535.4,11597.66
24-Jul-18,11640.19,11667.65,11615.02,11653.12
25-Jul-18,11681.52,11681.52,11630.41,11651.15
26-Jul-18,11668.85,11710.05,11648.39,11687.55
27-Jul-18,11764.3,11809.03,11737.76,11802.36
30-Jul-18,11847.41,11855.42,11793.58,11845.01
31-Jul-18,11857.5,11893.7,11790.7,11882.71
1-Aug-18,11898.32,11915.29,11841.39,11870.19
2-Aug-18,11873.86,11873.86,11761.1,11772.03
3-Aug-18,11825.48,11892.4,11824.27,11883.89
6-Aug-18,11928.69,11959.87,11901.48,11914.71
7-Aug-18,11963.35,11969.76,11889.34,11912.16
8-Aug-18,11942.63,11988.56,11909.58,11975.82
9-Aug-18,12016.6,12031.71,11988.49,12007
10-Aug-18,12017.24,12018.81,11944.21,11959.43
13-Aug-18,11911.43,11940.63,11874.65,11889.62
14-Aug-18,11921.32,11986.47,11906.14,11965.06
16-Aug-18,11952.06,11988,11900.78,11913.95
17-Aug-18,11982.35,12025.31,11971.42,12007.54
20-Aug-18,12046.5,12114.38,12041.15,12097
21-Aug-18,12123.03,12134.68,12084.33,12109.85
23-Aug-18,12150.17,12170.95,12096.39,12132.31
24-Aug-18,12142.87,12154.02,12077.56,12102.92
27-Aug-18,12171.3,12252.2,12156.02,12242.52
28-Aug-18,12282.18,12314.44,12264.4,12292.2
29-Aug-18,12320.28,12320.28,12228.53,12240.59
30-Aug-18,12263.69,12269.79,12193.98,12225.07
31-Aug-18,12233.55,12282.77,12202.08,12230.81
3-Sep-18,12312.9,12317.67,12119.51,12132.77
4-Sep-18,12174.64,12190.37,12040.62,12061.7
5-Sep-18,12072.38,12087.83,11928.44,12012.79
6-Sep-18,12058.38,12096.76,11971.69,12070.66
7-Sep-18,12096.99,12140.41,12020.02,12129.11
10-Sep-18,12119.13,12120.33,11964.78,11975.66
11-Sep-18,12010.4,12019.55,11792.11,11808.04
12-Sep-18,11844.43,11910.28,11775.45,11900.63
14-Sep-18,11969.77,12049.22,11961.67,12040.94
17-Sep-18,12019.78,12019.78,11885.72,11896.72
18-Sep-18,11917.37,11941.66,11784.39,11799.52
19-Sep-18,11848.04,11874.07,11727.76,11749.86
21-Sep-18,11801.8,11868.82,11348.85,11653.94
24-Sep-18,11686.53,11694.22,11446.11,11468.7
25-Sep-18,11479.82,11581.4,11380.77,11565.89
26-Sep-18,11661.29,11662.15,11490.14,11542.99
27-Sep-18,11587.8,11594.02,11446.19,11469.08
28-Sep-18,11511.14,11534.03,11340.2,11418.76
1-Oct-18,11434.2,11541.95,11323.23,11513.21
3-Oct-18,11532.02,11532.02,11337.49,11356.77
4-Oct-18,11304.87,11304.87,11028.32,11084.73
5-Oct-18,11041.24,11041.24,10742.65,10798.92
8-Oct-18,10808.56,10879.14,10672.45,10825.32
9-Oct-18,10878.3,10893.82,10749.89,10770.95
10-Oct-18,10833.01,10957.67,10792.82,10932.12
11-Oct-18,10704.66,10806.41,10602.52,10709.28
12-Oct-18,10803.15,10963.76,10801.36,10940.38
15-Oct-18,11018.07,11026.73,10886.83,10989.67
16-Oct-18,11035.37,11090.65,11006.08,11074.4
17-Oct-18,11189.48,11205.61,10919,10933.7
19-Oct-18,10875.7,10875.7,10728.3,10775.01
22-Oct-18,10885.01,10902.19,10704.35,10718.81
23-Oct-18,10654.76,10698.51,10582.45,10620.12
24-Oct-18,10734.1,10767.19,10604.3,10703.86
25-Oct-18,10626.12,10637.24,10549.07,10593
26-Oct-18,10617.5,10617.6,10471.79,10493.16
29-Oct-18,10557.03,10749.45,10492.3,10725.41
30-Oct-18,10733.91,10766.74,10652.71,10679.66
31-Oct-18,10701.97,10877.26,10587.09,10871.49
1-Nov-18,10936.33,10943.4,10827.98,10864.04
2-Nov-18,10963.02,11095.44,10940.88,11033.9
5-Nov-18,11063.23,11063.74,10964.58,11003.79
6-Nov-18,11040.89,11078.15,10969.69,11002.21
7-Nov-18,11095.42,11098.31,11065.71,11078.82
9-Nov-18,11091.27,11099.59,11018.9,11062.46
12-Nov-18,11097.33,11122.36,10936.67,10953.1
13-Nov-18,10963.56,11069.43,10913.36,11056.81
14-Nov-18,11115.55,11128.23,11010.84,11055.67
15-Nov-18,11055.62,11127.07,11038.67,11091.79
16-Nov-18,11131.1,11179.92,11111.18,11158.48
19-Nov-18,11215.77,11258.82,11173.67,11244.76
20-Nov-18,11236.45,11236.69,11125.47,11140.82
21-Nov-18,11162.87,11163.53,11041.27,11074.55
22-Nov-18,11100.42,11126.09,10991.31,11003.8
26-Nov-18,11052.35,11123.68,10972.4,11112.1
27-Nov-18,11123.8,11178.17,11085.35,11167.34
28-Nov-18,11200.57,11254.63,11193.39,11213.62
29-Nov-18,11300.42,11372.83,11278.56,11350.2
30-Nov-18,11391.39,11421.4,11329.62,11364.07
3-Dec-18,11425.01,11440.46,11348.18,11389.77
4-Dec-18,11403.06,11404.48,11338.44,11369.48
5-Dec-18,11337.38,11340.78,11248.06,11279.1
6-Dec-18,11222.38,11223.84,11076.31,11086.91
7-Dec-18,11143.41,11196.14,11093.49,11180.41
10-Dec-18,11037.84,11046.68,10956.87,10969.21
11-Dec-18,10858.76,11059.06,10817.53,11039.42
12-Dec-18,11075.48,11246.08,11046.69,11232.03
13-Dec-18,11308.06,11340.29,11250.07,11290.31
14-Dec-18,11302.39,11324.45,11255.89,11307.11
17-Dec-18,11354.94,11414.16,11354.94,11402.46
18-Dec-18,11392.28,11430.96,11333.05,11423.46
19-Dec-18,11454.66,11496.19,11442.34,11476.43
20-Dec-18,11427.4,11473.4,11390.79,11459.77
21-Dec-18,11464.65,11474.96,11235.39,11252.38
24-Dec-18,11286.82,11299.84,11148.29,11163
26-Dec-18,11154.58,11240.94,11021.69,11222.37
27-Dec-18,11321.23,11333.83,11264.55,11271.23
28-Dec-18,11305.1,11398.54,11305.1,11363.71
31-Dec-18,11411.84,11432.12,11359.31,11367.43
1-Jan-19,11395.71,11425.11,11310.18,11415.23
2-Jan-19,11390.25,11403.3,11242.81,11290.13
3-Jan-19,11302.53,11324.37,11158.45,11168.3
4-Jan-19,11193.29,11235.32,11124.35,11219.17
7-Jan-19,11310.09,11329.03,11243.68,11257.46
8-Jan-19,11290.46,11314.48,11227.57,11294.31
9-Jan-19,11350.6,11370.87,11246.52,11350.89
10-Jan-19,11364.02,11367.39,11307.93,11321.38
11-Jan-19,11346.37,11353.65,11241.11,11292.14
14-Jan-19,11324.31,11327.42,11189.33,11235.24
15-Jan-19,11264.64,11397.93,11264.64,11387.91
16-Jan-19,11406.31,11435.41,11379.66,11392.41
17-Jan-19,11420.57,11438.23,11347.59,11408.86
18-Jan-19,11423.06,11437.43,11360.53,11408.06
21-Jan-19,11429.7,11496.21,11394.17,11455.68
22-Jan-19,11474.84,11474.99,11366.19,11420.51
23-Jan-19,11436.08,11447.59,11314.04,11333.77
24-Jan-19,11345.29,11375,11302.25,11356.87
25-Jan-19,11376.77,11441.22,11256.76,11278.82
28-Jan-19,11305.35,11309.87,11126.3,11151.22
29-Jan-19,11167.27,11182.09,11074.21,11141.06
30-Jan-19,11204.84,11213.47,11097.82,11130.96
31-Jan-19,11190.1,11331.69,11168.58,11326.58
1-Feb-19,11346.64,11480.22,11307.91,11389.55
4-Feb-19,11389.26,11423.26,11310.17,11410.34
5-Feb-19,11410.36,11454.19,11384.72,11424.13
6-Feb-19,11458.75,11566.51,11449.66,11553.66
7-Feb-19,11571.85,11614.71,11539.51,11563.12
8-Feb-19,11536.14,11539.33,11396.08,11417.46
11-Feb-19,11423.33,11423.79,11328.53,11361.16
12-Feb-19,11363.53,11384.32,11290.27,11300.4
13-Feb-19,11339.51,11367.49,11236.19,11257.15
14-Feb-19,11263.72,11274.91,11188.58,11213.62
15-Feb-19,11242.74,11252.55,11080.73,11181.91
18-Feb-19,11195.35,11218.68,11081.67,11091.3
19-Feb-19,11106.77,11182.8,11036.76,11056
20-Feb-19,11117.76,11203.72,11099.63,11192.39
21-Feb-19,11213.15,11273.03,11184.25,11248.99
22-Feb-19,11255.66,11270.59,11226.66,11254.37
25-Feb-19,11286.09,11361.57,11258.46,11353.57
26-Feb-19,11287.4,11354.24,11194.93,11296.24
27-Feb-19,11343.89,11411.51,11217.33,11268.66
28-Feb-19,11309.32,11326.32,11251.95,11262.85
1-Mar-19,11306.53,11343.68,11288.96,11328.29
5-Mar-19,11346.65,11458.35,11282.77,11454.36
6-Mar-19,11491.15,11525.02,11465.01,11513.94
7-Mar-19,11547.42,11557.88,11490.43,11520.7
8-Mar-19,11526.51,11526.51,11472.05,11498.1
11-Mar-19,11522.84,11648.32,11519.4,11631.82
12-Mar-19,11695.18,11792.41,11690.96,11771.85
13-Mar-19,11794.1,11830.92,11752.4,11817.79
14-Mar-19,11844.85,11861.78,11790.04,11819.96
15-Mar-19,11823.61,11961.14,11823.36,11893.67
18-Mar-19,11926.28,11998.08,11879.33,11923.12
19-Mar-19,11962.31,12007.58,11916.32,11997.13
20-Mar-19,12017.97,12026.17,11974.39,11989.16
22-Mar-19,12012.35,12044.41,11903.66,11925.7
25-Mar-19,11884.67,11884.67,11779.73,11823.13
26-Mar-19,11846.52,11965.47,11819.88,11948.06
27-Mar-19,11988.46,12016.78,11880.42,11917.78
28-Mar-19,11941.8,12058.39,11924.26,12042.79
29-Mar-19,12083.98,12106.93,12049.02,12090.72
1-Apr-19,12147.67,12220.61,12127,12146.48
2-Apr-19,12184.27,12204.88,12135.46,12187.21
3-Apr-19,12220.44,12244.78,12113.91,12128.79
4-Apr-19,12146.55,12148.01,12040.33,12080.43
5-Apr-19,12127.89,12172.35,12092.58,12144.04
8-Apr-19,12174.67,12193.02,12029.46,12081.16
9-Apr-19,12090.35,12165.33,12049.27,12153.37
10-Apr-19,12141.94,12160.41,12048.76,12060.75
11-Apr-19,12072.22,12084.24,12028.38,12073.03
12-Apr-19,12097.75,12138.89,12061.31,12123.86
15-Apr-19,12137.45,12188.46,12132.75,12169.65
16-Apr-19,12211.65,12301.9,12211.65,12277.41
18-Apr-19,12323.11,12342.2,12216.14,12231.99
22-Apr-19,12232.73,12232.87,12057.93,12074.93
23-Apr-19,12111.31,12129.91,12043.25,12057.65
24-Apr-19,12088.96,12223.18,12059.78,12211.83
25-Apr-19,12225.83,12281.58,12112.07,12131
26-Apr-19,12171.42,12242.74,12148,12231.44
30-Apr-19,12230.07,12251.23,12141.78,12230.27
2-May-19,12231.53,12273.81,12184.34,12202
3-May-19,12211.86,12246.42,12173.06,12186.47
6-May-19,12112.72,12112.72,12047.92,12070.2
7-May-19,12134.12,12139.86,11958.29,11969.53
8-May-19,11959.7,11960.87,11810.54,11822.16
9-May-19,11813.22,11824.43,11714.97,11764.03
10-May-19,11787.74,11813.8,11711.7,11739.11
13-May-19,11743.01,11766.24,11579.84,11607.9
14-May-19,11619.74,11754.7,11567,11679.61
15-May-19,11741.34,11751.84,11595.89,11614.7
16-May-19,11632.45,11753.06,11603.03,11715.98
17-May-19,11743.63,11894.07,11719.79,11876.15
20-May-19,12114.85,12327.74,12069.53,12309.84
21-May-19,12345.44,12372.01,12157.24,12183.78
22-May-19,12219.11,12262.43,12159.73,12216.3
23-May-19,12374.36,12531.05,12087.37,12134.84
24-May-19,12216.25,12336.18,12133.8,12323.52
27-May-19,12351.43,12445.08,12294.42,12405.4
28-May-19,12436.58,12450.09,12359.85,12428.98
29-May-19,12425.06,12425.33,12325.32,12348.48
30-May-19,12374.53,12461.88,12351,12441.19
31-May-19,12490.45,12535.01,12319.14,12416.37
3-Jun-19,12445.91,12600.07,12420.48,12588.83
4-Jun-19,12573.38,12603.09,12508.98,12523.62
6-Jun-19,12534.34,12539.65,12329.87,12343.96
7-Jun-19,12358.92,12390.63,12262.54,12363.99
10-Jun-19,12417.17,12475.63,12369.59,12419.98
11-Jun-19,12450.92,12496.37,12402.85,12461.09
12-Jun-19,12470.89,12472.6,12362.76,12400.62
13-Jun-19,12380.01,12424.83,12314.07,12407.33
14-Jun-19,12424.35,12424.65,12287.29,12312.88
17-Jun-19,12330.59,12337.96,12142.03,12157
18-Jun-19,12181.44,12216.81,12130.82,12184.69
19-Jun-19,12226.01,12296.36,12116.97,12189.94
20-Jun-19,12167.05,12349.7,12129.43,12338.89
21-Jun-19,12338.98,12341.01,12204.02,12226.96
24-Jun-19,12219.52,12256.99,12170.84,12199.39
25-Jun-19,12203.73,12315.66,12144.16,12298.76
26-Jun-19,12279.35,12375.73,12262.14,12349.84
27-Jun-19,12362.3,12417.74,12325.03,12348.88
28-Jun-19,12363.01,12375.18,12281.5,12293.47
1-Jul-19,12337.57,12396.26,12336.85,12373.44
2-Jul-19,12409.47,12423.57,12320.53,12417.47
3-Jul-19,12446.86,12454.34,12396.53,12424.7
4-Jul-19,12451.12,12470.41,12430.77,12447.84
5-Jul-19,12474.72,12486.45,12298.21,12312.85
8-Jul-19,12299.65,12299.65,12015.72,12048.63
9-Jul-19,12054.4,12074.48,11950.7,12045.14
10-Jul-19,12039.18,12086.28,11964.43,11982.98
11-Jul-19,12040.57,12088.73,12007.86,12071.55
12-Jul-19,12105.9,12132.62,12030.06,12044.47
15-Jul-19,12122.91,12125.98,12020.88,12079.22
16-Jul-19,12097.86,12167.9,12061.87,12160.13
17-Jul-19,12172.64,12202.74,12145.51,12183.05
18-Jul-19,12178.85,12178.85,12075.94,12086.41
19-Jul-19,12135.24,12135.24,11887.08,11907.1
22-Jul-19,11904.1,11904.1,11778.65,11824.19
23-Jul-19,11855.53,11879.82,11783.57,11807.51
24-Jul-19,11812.74,11837.87,11705.15,11747.34
25-Jul-19,11772.47,11844.23,11721.94,11736.84
26-Jul-19,11734.87,11791.16,11691.55,11768.38
29-Jul-19,11808.77,11808.77,11633.5,11673.83
30-Jul-19,11690.66,11755.54,11555.3,11567.76
31-Jul-19,11530.45,11630.04,11481.77,11602.65
1-Aug-19,11578.41,11578.41,11359.21,11460.2
2-Aug-19,11431.18,11565.48,11326.08,11481.43
5-Aug-19,11404.83,11404.83,11265.84,11349.45
6-Aug-19,11306.41,11512.69,11297.62,11437.65
7-Aug-19,11448.48,11470.53,11325.02,11347.7
8-Aug-19,11382.45,11555.95,11336.54,11533.24
9-Aug-19,11592.57,11689.77,11563.7,11615.86
13-Aug-19,11663.57,11666.7,11402.05,11423.7
14-Aug-19,11509.24,11578.73,11435.08,11528.86
16-Aug-19,11544.14,11564.26,11416.52,11539.45
19-Aug-19,11584.58,11646.68,11536.16,11547.41
20-Aug-19,11559.27,11573.21,11479.24,11513.92
21-Aug-19,11503.05,11532.64,11404.89,11415.46
22-Aug-19,11423.71,11423.71,11209.12,11231.83
23-Aug-19,11208.68,11353.15,11122.28,11318.42
26-Aug-19,11522.84,11568.47,11244.95,11556.53
27-Aug-19,11607.63,11643.69,11548.26,11609.73
28-Aug-19,11615.53,11629.71,11485.66,11545.5
29-Aug-19,11524.62,11524.62,11420.46,11446.76
30-Aug-19,11494.68,11549.02,11374.39,11528.28
3-Sep-19,11480.89,11481.84,11263.47,11292.29
4-Sep-19,11296.43,11350.99,11237.25,11335.97
5-Sep-19,11369,11413.58,11307.68,11337.95
6-Sep-19,11372.24,11448.62,11357.73,11438.07
9-Sep-19,11436.04,11523.6,11381.03,11494.19
11-Sep-19,11524.13,11551.81,11507.48,11530.35
12-Sep-19,11549.91,11584.12,11464.92,11481.27
13-Sep-19,11503.38,11584.97,11446.16,11576.27
16-Sep-19,11519.15,11557.68,11471.36,11503.27
17-Sep-19,11513.35,11513.38,11292.2,11311.51
18-Sep-19,11355.01,11381.51,11303.56,11338.6
19-Sep-19,11352.84,11352.84,11161.82,11194.94
20-Sep-19,11230.34,11903.1,11186.72,11800.71
23-Sep-19,12045.96,12237.19,12016.45,12135.95
24-Sep-19,12153.61,12191.8,12070.8,12121.22
25-Sep-19,12116.5,12116.5,11943.43,11968.16
26-Sep-19,12001.19,12142.58,11994.76,12108.64
27-Sep-19,12114.42,12131.46,12033.74,12043.75
30-Sep-19,12054.11,12054.11,11902.83,11986.23
1-Oct-19,12037.78,12070.76,11750.46,11868.35
3-Oct-19,11824.93,11880.92,11763.08,11820.19
4-Oct-19,11905.48,11905.48,11661.23,11672.68
7-Oct-19,11719.78,11732.77,11612.38,11626.46
9-Oct-19,11649.74,11827.44,11588.66,11818.99
10-Oct-19,11810.41,11810.41,11704.91,11729.5
11-Oct-19,11763.19,11864.82,11684.38,11808.38
14-Oct-19,11836.61,11931,11798.21,11840.02
15-Oct-19,11866.79,11972.72,11846.69,11933.87
